{
  "packageId": "main",
  "version": 1,
  "items": [
    {
      "packageId": "main",
      "version": 1,
      "remoteUrl": "https://www.mcuking.club/js/app.f953b5c0.js",
      "path": "js/app.f953b5c0.js",
      "mimeType": "application/javascript"
    },
    {
      "packageId": "main",
      "version": 1,
      "remoteUrl": "https://www.mcuking.club/js/chunk-1956e418.57dbf070.js",
      "path": "js/chunk-1956e418.57dbf070.js",
      "mimeType": "application/javascript"
    },
    {
      "packageId": "main",
      "version": 1,
      "remoteUrl": "https://www.mcuking.club/js/chunk-22e8b856.c072b455.js",
      "path": "js/chunk-22e8b856.c072b455.js",
      "mimeType": "application/javascript"
    },
    {
      "packageId": "main",
      "version": 1,
      "remoteUrl": "https://www.mcuking.club/js/chunk-2c03cf8a.6f45d832.js",
      "path": "js/chunk-2c03cf8a.6f45d832.js",
      "mimeType": "application/javascript"
    },
    {
      "packageId": "main",
      "version": 1,
      "remoteUrl": "https://www.mcuking.club/js/chunk-7a7fdca4.506eebb9.js",
      "path": "js/chunk-7a7fdca4.506eebb9.js",
      "mimeType": "application/javascript"
    },
    {
      "packageId": "main",
      "version": 1,
      "remoteUrl": "https://www.mcuking.club/js/chunk-f1acbf34.0ab2517a.js",
      "path": "js/chunk-f1acbf34.0ab2517a.js",
      "mimeType": "application/javascript"
    },
    {
      "packageId": "main",
      "version": 1,
      "remoteUrl": "https://www.mcuking.club/js/chunk-fbac64c8.ec0b69a0.js",
      "path": "js/chunk-fbac64c8.ec0b69a0.js",
      "mimeType": "application/javascript"
    },
    {
      "packageId": "main",
      "version": 1,
      "remoteUrl": "https://www.mcuking.club/js/chunk-vendors.3d9914c5.js",
      "path": "js/chunk-vendors.3d9914c5.js",
      "mimeType": "application/javascript"
    },
    {
      "packageId": "main",
      "version": 1,
      "remoteUrl": "https://www.mcuking.club/lib/hammerjs/2.0.8/hammer.min.js",
      "path": "lib/hammerjs/2.0.8/hammer.min.js",
      "mimeType": "application/javascript"
    },
    {
      "packageId": "main",
      "version": 1,
      "remoteUrl": "https://www.mcuking.club/lib/moment/2.24.0/moment.min.js",
      "path": "lib/moment/2.24.0/moment.min.js",
      "mimeType": "application/javascript"
    },
    {
      "packageId": "main",
      "version": 1,
      "remoteUrl": "https://www.mcuking.club/lib/mockjs/1.0.1-beta3/mock.min.js",
      "path": "lib/mockjs/1.0.1-beta3/mock.min.js",
      "mimeType": "application/javascript"
    },
    {
      "packageId": "main",
      "version": 1,
      "remoteUrl": "https://www.mcuking.club/lib/vue-router/3.1.3/vue-router.min.js",
      "path": "lib/vue-router/3.1.3/vue-router.min.js",
      "mimeType": "application/javascript"
    },
    {
      "packageId": "main",
      "version": 1,
      "remoteUrl": "https://www.mcuking.club/lib/vue/2.6.10/vue.min.js",
      "path": "lib/vue/2.6.10/vue.min.js",
      "mimeType": "application/javascript"
    },
    {
      "packageId": "main",
      "version": 1,
      "remoteUrl": "https://www.mcuking.club/lib/vuex/3.1.1/vuex.min.js",
      "path": "lib/vuex/3.1.1/vuex.min.js",
      "mimeType": "application/javascript"
    }
  ]
}