{
  "packageId": "main",
  "version": 1,
  "items": [
    {
      "packageId": "main",
      "version": 1,
      "remoteUrl": "http://122.51.132.117/js/app.e0b13946.js",
      "path": "js/app.e0b13946.js",
      "mimeType": "application/javascript"
    },
    {
      "packageId": "main",
      "version": 1,
      "remoteUrl": "http://122.51.132.117/js/chunk-1d2dece3.52bcf764.js",
      "path": "js/chunk-1d2dece3.52bcf764.js",
      "mimeType": "application/javascript"
    },
    {
      "packageId": "main",
      "version": 1,
      "remoteUrl": "http://122.51.132.117/js/chunk-680897da.039269dd.js",
      "path": "js/chunk-680897da.039269dd.js",
      "mimeType": "application/javascript"
    },
    {
      "packageId": "main",
      "version": 1,
      "remoteUrl": "http://122.51.132.117/js/chunk-7d382fd9.9eb556e4.js",
      "path": "js/chunk-7d382fd9.9eb556e4.js",
      "mimeType": "application/javascript"
    },
    {
      "packageId": "main",
      "version": 1,
      "remoteUrl": "http://122.51.132.117/js/chunk-8e2e9a5c.75a40fb7.js",
      "path": "js/chunk-8e2e9a5c.75a40fb7.js",
      "mimeType": "application/javascript"
    },
    {
      "packageId": "main",
      "version": 1,
      "remoteUrl": "http://122.51.132.117/js/chunk-c1ec1370.695e3425.js",
      "path": "js/chunk-c1ec1370.695e3425.js",
      "mimeType": "application/javascript"
    },
    {
      "packageId": "main",
      "version": 1,
      "remoteUrl": "http://122.51.132.117/js/chunk-ee0dc288.2ed308bb.js",
      "path": "js/chunk-ee0dc288.2ed308bb.js",
      "mimeType": "application/javascript"
    },
    {
      "packageId": "main",
      "version": 1,
      "remoteUrl": "http://122.51.132.117/js/chunk-vendors.3d9914c5.js",
      "path": "js/chunk-vendors.3d9914c5.js",
      "mimeType": "application/javascript"
    },
    {
      "packageId": "main",
      "version": 1,
      "remoteUrl": "http://122.51.132.117/lib/vue-router/3.1.3/vue-router.min.js",
      "path": "lib/vue-router/3.1.3/vue-router.min.js",
      "mimeType": "application/javascript"
    },
    {
      "packageId": "main",
      "version": 1,
      "remoteUrl": "http://122.51.132.117/lib/mockjs/1.0.1-beta3/mock.min.js",
      "path": "lib/mockjs/1.0.1-beta3/mock.min.js",
      "mimeType": "application/javascript"
    },
    {
      "packageId": "main",
      "version": 1,
      "remoteUrl": "http://122.51.132.117/lib/moment/2.24.0/moment.min.js",
      "path": "lib/moment/2.24.0/moment.min.js",
      "mimeType": "application/javascript"
    },
    {
      "packageId": "main",
      "version": 1,
      "remoteUrl": "http://122.51.132.117/lib/vue/2.6.10/vue.min.js",
      "path": "lib/vue/2.6.10/vue.min.js",
      "mimeType": "application/javascript"
    },
    {
      "packageId": "main",
      "version": 1,
      "remoteUrl": "http://122.51.132.117/lib/hammerjs/2.0.8/hammer.min.js",
      "path": "lib/hammerjs/2.0.8/hammer.min.js",
      "mimeType": "application/javascript"
    },
    {
      "packageId": "main",
      "version": 1,
      "remoteUrl": "http://122.51.132.117/lib/vuex/3.1.1/vuex.min.js",
      "path": "lib/vuex/3.1.1/vuex.min.js",
      "mimeType": "application/javascript"
    }
  ]
}