{
  "packageId": "main",
  "version": 1,
  "items": [
    {
      "packageId": "main",
      "version": 1,
      "remoteUrl": "https://www.mcuking.club/js/app.3d57f360.js",
      "path": "js/app.3d57f360.js",
      "mimeType": "application/javascript"
    },
    {
      "packageId": "main",
      "version": 1,
      "remoteUrl": "https://www.mcuking.club/js/chunk-1956e418.fc09fb77.js",
      "path": "js/chunk-1956e418.fc09fb77.js",
      "mimeType": "application/javascript"
    },
    {
      "packageId": "main",
      "version": 1,
      "remoteUrl": "https://www.mcuking.club/js/chunk-22e8b856.15155b68.js",
      "path": "js/chunk-22e8b856.15155b68.js",
      "mimeType": "application/javascript"
    },
    {
      "packageId": "main",
      "version": 1,
      "remoteUrl": "https://www.mcuking.club/js/chunk-2c03cf8a.bf788a27.js",
      "path": "js/chunk-2c03cf8a.bf788a27.js",
      "mimeType": "application/javascript"
    },
    {
      "packageId": "main",
      "version": 1,
      "remoteUrl": "https://www.mcuking.club/js/chunk-7a7fdca4.410fa8bd.js",
      "path": "js/chunk-7a7fdca4.410fa8bd.js",
      "mimeType": "application/javascript"
    },
    {
      "packageId": "main",
      "version": 1,
      "remoteUrl": "https://www.mcuking.club/js/chunk-f1acbf34.a78a9226.js",
      "path": "js/chunk-f1acbf34.a78a9226.js",
      "mimeType": "application/javascript"
    },
    {
      "packageId": "main",
      "version": 1,
      "remoteUrl": "https://www.mcuking.club/js/chunk-fbac64c8.ce1ca34a.js",
      "path": "js/chunk-fbac64c8.ce1ca34a.js",
      "mimeType": "application/javascript"
    },
    {
      "packageId": "main",
      "version": 1,
      "remoteUrl": "https://www.mcuking.club/js/chunk-vendors.3d9914c5.js",
      "path": "js/chunk-vendors.3d9914c5.js",
      "mimeType": "application/javascript"
    },
    {
      "packageId": "main",
      "version": 1,
      "remoteUrl": "https://www.mcuking.club/lib/hammerjs/2.0.8/hammer.min.js",
      "path": "lib/hammerjs/2.0.8/hammer.min.js",
      "mimeType": "application/javascript"
    },
    {
      "packageId": "main",
      "version": 1,
      "remoteUrl": "https://www.mcuking.club/lib/mockjs/1.0.1-beta3/mock.min.js",
      "path": "lib/mockjs/1.0.1-beta3/mock.min.js",
      "mimeType": "application/javascript"
    },
    {
      "packageId": "main",
      "version": 1,
      "remoteUrl": "https://www.mcuking.club/lib/moment/2.24.0/moment.min.js",
      "path": "lib/moment/2.24.0/moment.min.js",
      "mimeType": "application/javascript"
    },
    {
      "packageId": "main",
      "version": 1,
      "remoteUrl": "https://www.mcuking.club/lib/vue-router/3.1.3/vue-router.min.js",
      "path": "lib/vue-router/3.1.3/vue-router.min.js",
      "mimeType": "application/javascript"
    },
    {
      "packageId": "main",
      "version": 1,
      "remoteUrl": "https://www.mcuking.club/lib/vue/2.6.10/vue.min.js",
      "path": "lib/vue/2.6.10/vue.min.js",
      "mimeType": "application/javascript"
    },
    {
      "packageId": "main",
      "version": 1,
      "remoteUrl": "https://www.mcuking.club/lib/vuex/3.1.1/vuex.min.js",
      "path": "lib/vuex/3.1.1/vuex.min.js",
      "mimeType": "application/javascript"
    }
  ]
}