{
  "packageId": "main",
  "version": 1,
  "items": [
    {
      "packageId": "main",
      "version": 1,
      "remoteUrl": "http://www.mcuking.club/js/app.0738f70b.js",
      "path": "js/app.0738f70b.js",
      "mimeType": "application/javascript"
    },
    {
      "packageId": "main",
      "version": 1,
      "remoteUrl": "http://www.mcuking.club/js/chunk-0fa7c540.19437cf8.js",
      "path": "js/chunk-0fa7c540.19437cf8.js",
      "mimeType": "application/javascript"
    },
    {
      "packageId": "main",
      "version": 1,
      "remoteUrl": "http://www.mcuking.club/js/chunk-102d7df7.c7aba03e.js",
      "path": "js/chunk-102d7df7.c7aba03e.js",
      "mimeType": "application/javascript"
    },
    {
      "packageId": "main",
      "version": 1,
      "remoteUrl": "http://www.mcuking.club/js/chunk-1ad39fb8.ead39776.js",
      "path": "js/chunk-1ad39fb8.ead39776.js",
      "mimeType": "application/javascript"
    },
    {
      "packageId": "main",
      "version": 1,
      "remoteUrl": "http://www.mcuking.club/js/chunk-6d288fbf.e812958f.js",
      "path": "js/chunk-6d288fbf.e812958f.js",
      "mimeType": "application/javascript"
    },
    {
      "packageId": "main",
      "version": 1,
      "remoteUrl": "http://www.mcuking.club/js/chunk-bc4e5dd8.90dbf085.js",
      "path": "js/chunk-bc4e5dd8.90dbf085.js",
      "mimeType": "application/javascript"
    },
    {
      "packageId": "main",
      "version": 1,
      "remoteUrl": "http://www.mcuking.club/js/chunk-f1acbf34.0ab2517a.js",
      "path": "js/chunk-f1acbf34.0ab2517a.js",
      "mimeType": "application/javascript"
    },
    {
      "packageId": "main",
      "version": 1,
      "remoteUrl": "http://www.mcuking.club/js/chunk-vendors.baf50850.js",
      "path": "js/chunk-vendors.baf50850.js",
      "mimeType": "application/javascript"
    },
    {
      "packageId": "main",
      "version": 1,
      "remoteUrl": "http://www.mcuking.club/lib/hammerjs/2.0.8/hammer.min.js",
      "path": "lib/hammerjs/2.0.8/hammer.min.js",
      "mimeType": "application/javascript"
    },
    {
      "packageId": "main",
      "version": 1,
      "remoteUrl": "http://www.mcuking.club/lib/vue/2.6.10/vue.min.js",
      "path": "lib/vue/2.6.10/vue.min.js",
      "mimeType": "application/javascript"
    },
    {
      "packageId": "main",
      "version": 1,
      "remoteUrl": "http://www.mcuking.club/lib/vue-router/3.1.3/vue-router.min.js",
      "path": "lib/vue-router/3.1.3/vue-router.min.js",
      "mimeType": "application/javascript"
    },
    {
      "packageId": "main",
      "version": 1,
      "remoteUrl": "http://www.mcuking.club/lib/mockjs/1.0.1-beta3/mock.min.js",
      "path": "lib/mockjs/1.0.1-beta3/mock.min.js",
      "mimeType": "application/javascript"
    },
    {
      "packageId": "main",
      "version": 1,
      "remoteUrl": "http://www.mcuking.club/lib/moment/2.24.0/moment.min.js",
      "path": "lib/moment/2.24.0/moment.min.js",
      "mimeType": "application/javascript"
    },
    {
      "packageId": "main",
      "version": 1,
      "remoteUrl": "http://www.mcuking.club/lib/vuex/3.1.1/vuex.min.js",
      "path": "lib/vuex/3.1.1/vuex.min.js",
      "mimeType": "application/javascript"
    }
  ]
}